col1,col2,col3,col4,target
0.5706,-0.0248,1.2421,-0.5621,1
-1.3971,3.3191,-1.3927,-1.9948,1
0.39012,-0.14279,-0.031994,0.35084,1
-1.6677,-7.1535,7.8929,0.96765,1
-3.5681,-8.213,10.083,0.96765,1
-2.2804,-0.30626,1.3347,1.3763,1
-2.4115,-9.1359,9.3444,-0.65259,1
-1.5252,-6.2534,5.3524,0.59912,1
-5.9034,6.5679,0.67661,-6.6797,1
-1.8187,-9.0366,9.0162,-0.12243,1
-3.5801,-12.9309,13.1779,-2.5677,1
-1.8219,-6.8824,5.4681,0.057313,1
-0.3481,-0.38696,-0.47841,0.62627,1
0.47368,3.3605,-4.5064,-4.0431,1
-3.4083,4.8587,-0.76888,-4.8668,1
-0.47465,-4.3496,1.9901,0.7517,1
1.0552,1.1857,-2.6411,0.11033,1
1.1644,3.8095,-4.9408,-4.0909,1
-1.6244,-6.3444,4.6575,0.16981,1
0.50813,0.47799,-1.9804,0.57714,1
0.81583,4.84,-5.2613,-6.0823,1
-3.2238,2.7935,0.32274,-0.86078,1
-3.6085,3.3253,-0.51954,-3.5737,1
-4.2932,3.3419,0.77258,-0.99785,1
-0.64326,2.4748,-2.9452,-1.0276,1
-0.86339,1.9348,-2.3729,-1.0897,1
-2.0659,1.0512,-0.46298,-1.0974,1
-4.8554,-5.9037,10.9818,-0.82199,1
0.24394,1.4733,-1.4192,-0.58535,1
-3.0731,-0.53181,2.3877,0.77627,1
-1.979,3.2301,-1.3575,-2.5819,1
-2.234,-7.0314,7.4936,0.61334,1
-0.89569,3.0025,-3.6067,-3.4457,1
-2.3211,3.166,-1.0002,-2.7151,1
-2.258,-9.3263,9.3727,-0.85949,1
-1.8969,-6.7893,5.2761,-0.32544,1
0.0096613,3.5612,-4.407,-4.4103,1
-2.9098,-10.0712,8.4156,-1.9948,1
0.83625,1.1071,-2.4706,-0.062945,1
1.296,4.2855,-4.8457,-2.9013,1
-5.873,9.1752,-0.27448,-6.0422,1
-3.4605,2.6901,0.16165,-1.0224,1
-0.77995,3.2322,-3.282,-3.1004,1
-4.1409,3.4619,-0.47841,-3.8879,1
-4.4996,3.4288,0.56265,-1.1672,1
-2.799,1.9679,-0.42357,-2.1125,1
-1.8629,-0.84841,2.5377,0.097399,1
-5.1216,-5.3118,10.3846,-1.0612,1
-2.3518,-4.8359,6.6479,-0.060358,1
0.030219,-1.0512,1.4024,0.77369,1
-1.6514,-8.4985,9.1122,1.2379,1
-1.3066,0.25244,0.7623,1.7758,1
-0.55008,2.8659,-1.6488,-2.4319,1
0.21431,-0.69529,0.87711,0.29653,1
-0.77288,-7.4473,6.492,0.36119,1
-1.8391,-9.0883,9.2416,-0.10432,1
-0.63298,-5.1277,4.5624,1.4797,1
-1.5449,-10.1498,9.6152,-1.2332,1
0.50225,0.65388,-1.1793,0.39998,1
0.74521,3.6357,-4.4044,-4.1414,1
0.55298,-3.4619,1.7048,1.1008,1
2.031,1.852,-3.0121,0.003003,1
-5.4808,8.1819,0.27818,-5.0323,1
-1.4174,-2.2535,1.518,0.61981,1
1.5904,2.2121,-3.1183,-0.11725,1
-0.23356,3.2405,-3.0669,-2.7784,1
-2.2214,-0.23798,0.56008,0.05602,1
-0.49241,0.89392,-1.6283,-0.56854,1
-0.10234,1.8189,-2.2169,-0.56725,1
-1.6176,1.0926,-0.35502,-0.59958,1
-1.8448,1.254,0.27218,-1.0728,1
0.18868,0.70148,-0.51182,0.0055892,1
-3.1158,-8.6289,10.4403,0.97153,1
-1.6936,2.7852,-2.1835,-1.9276,1
-1.2846,3.2715,-1.7671,-3.2608,1
-1.0292,-6.3879,5.5255,0.79955,1
-0.51003,-0.23591,0.020273,0.76334,1
-0.36372,3.0439,-3.4816,-2.7836,1
-6.3979,6.4479,1.0836,-6.6176,1
-1.4106,-7.108,5.6454,0.31335,1
-0.21394,-0.68287,0.096532,1.1965,1
-3.8167,5.1401,-0.65063,-5.4306,1
-2.1786,-6.4479,6.0344,-0.20777,1
0.0031201,-4.0061,1.7956,0.91722,1
1.3518,1.0595,-2.3437,0.39998,1
1.2309,3.8923,-4.8277,-4.0069,1
-5.0301,7.5032,-0.13396,-7.5034,1
-3.0799,0.60836,2.7039,-0.23751,1
-2.2987,-5.227,5.63,0.91722,1
-1.239,-6.541,4.8151,-0.033204,1
0.63655,5.2022,-5.2159,-6.1211,1
-3.518,2.8763,0.1548,-1.2086,1
-2.0336,-1.4092,1.1582,0.36507,1
-0.69745,-1.7672,-0.34474,-0.12372,1
-0.55648,3.2136,-3.3085,-2.7965,1
-3.6817,3.2239,-0.69347,-3.4004,1
-6.7526,8.8172,-0.061983,-3.725,1
-4.577,3.4515,0.66719,-0.94742,1
-2.3142,2.0838,-0.46813,-1.6767,1
-1.4233,-0.98912,2.3586,0.39481,1
-2.8829,3.8964,-0.1888,-1.1672,1
-0.98193,2.7956,-1.2341,-1.5668,1
-2.0042,-9.3676,9.3333,-0.10303,1
-1.2792,2.1376,-0.47584,-1.3974,1
-0.66008,-3.226,3.8058,1.1836,1
-1.7713,-10.7665,10.2184,-1.0043,1
0.11806,0.39108,-0.98223,0.42843,1
-1.2369,-1.6906,2.518,0.51636,1
-1.8439,-8.6475,7.6796,-0.66682,1
0.16358,-3.3584,1.3749,1.3569,1
-2.3898,-0.78427,3.0141,0.76205,1
-1.7976,-6.7686,6.6753,0.89912,1
1.7875,4.78,-5.1362,-3.2362,1
-5.1661,8.0433,0.044265,-4.4983,1
0.88992,2.2638,-3.1046,-0.11855,1
-3.7747,2.5162,0.83341,-0.30993,1
-2.4198,-0.24418,0.70146,0.41809,1
-0.83535,0.80494,-1.6411,-0.19225,1
-0.30432,2.6528,-2.7756,-0.65647,1
-0.60254,1.7237,-2.1501,-0.77027,1
-2.1059,1.1815,-0.53324,-0.82716,1
-1.5621,-2.2121,4.2591,0.27972,1
-0.11716,0.60422,-0.38587,-0.059065,1
-2.0066,-6.719,9.0162,0.099985,1
0.31803,-0.99326,1.0947,0.88619,1
-1.4454,-8.4385,8.8483,0.96894,1
-2.5373,-6.959,8.8054,1.5289,1
-1.366,0.18416,0.90539,1.5806,1
-1.6001,-9.5828,9.4044,0.081882,1
-0.37013,-5.554,4.7749,1.547,1
0.12126,0.22347,-0.47327,0.97024,1
-5.119,6.6486,-0.049987,-6.5206,1
-1.48,-10.5244,9.9176,-0.5026,1
-0.62684,-6.301,4.7843,1.106,1
0.518,0.25865,-0.84085,0.96118,1
-1.4628,-1.5706,2.4357,0.49826,1
-1.7101,-8.7903,7.9735,-0.45475,1
-1.8046,-6.8141,6.7019,1.1681,1
-0.71868,-5.7154,3.8298,1.0233,1
0.7376,4.8525,-4.7986,-5.6659,1
-1.6706,-2.09,1.584,0.71162,1
-0.1269,-1.1505,-0.95138,0.57843,1
1.4501,3.6067,-4.0557,-1.5966,1
-0.40857,3.0977,-2.9607,-2.6892,1
-3.8952,3.8157,-0.31304,-3.8194,1
-4.1429,2.7749,0.68261,-0.71984,1
-2.6864,-0.097265,0.61663,0.061192,1
-1.0555,0.79459,-1.6968,-0.46768,1
-1.9389,1.5706,0.045979,-1.122,1
-4.6765,-5.6636,10.969,-0.33449,1
-0.40951,-0.15521,0.060545,-0.088807,1
-2.2918,-7.257,7.9597,0.9211,1
-2.5961,-9.349,9.7942,-0.28018,1
-6.5773,6.8017,0.85483,-7.5344,1
-1.3995,-1.9162,2.5154,0.59912,1
-2.3221,-9.3304,9.233,-0.79871,1
-0.26654,-0.64562,-0.42014,0.89136,1
-4.2091,4.7283,-0.49126,-5.2159,1
-2.3142,-0.68494,1.9833,-0.44829,1
-2.4835,-7.4494,6.8964,-0.64484,1
-2.7611,-10.5099,9.0239,-1.9547,1
-0.36025,-4.449,2.1067,0.94308,1
1.0117,0.9022,-2.3506,0.42714,1
0.96708,3.8426,-4.9314,-4.1323,1
-2.565,-5.7899,6.0122,0.046968,1
-1.5951,-6.572,4.7689,-0.94354,1
1.7331,3.9544,-4.7412,-2.5017,1
-6.3364,9.2848,0.014275,-6.7844,1
-3.8053,2.4273,0.6809,-1.0871,1
-2.1979,-2.1252,1.7151,0.45171,1
-3.8552,3.5219,-0.38415,-3.8608,1
-2.0754,1.2767,-0.64206,-1.2642,1
-0.7351,1.7361,-1.4938,-1.1582,1
-1.9725,2.8825,-2.3086,-2.3724,1
-2.9138,-9.4711,9.7668,-0.60216,1
-1.8343,-6.5907,5.6429,0.54998,1
-2.4349,-9.2497,8.9922,-0.50001,1
0.025013,3.3998,-4.4327,-4.2655,1
-4.3967,4.9601,-0.64892,-5.4719,1
0.6005,0.99945,-2.2126,0.097399,1
-5.4414,7.2363,0.10938,-7.5642,1
-1.8356,-6.7562,5.0585,-0.55044,1
1.3403,4.1323,-4.7018,-2.5987,1
0.26877,4.987,-5.1508,-6.3913,1
-4.0679,2.4955,0.79571,-1.1039,1
0.23874,2.0879,-3.3522,-0.66553,1
-0.77848,3.4019,-3.4859,-3.5569,1
-7.0421,9.2,0.25933,-4.6832,1
-2.4458,1.6285,-0.88541,-1.4802,1
-3.551,1.8955,0.1865,-2.4409,1
-2.4561,-4.5566,6.4534,-0.056479,1
-2.4365,3.6026,-1.4166,-2.8948,1
-0.77688,0.13036,-0.031137,-0.35389,1
-2.7083,-6.8266,7.5339,0.59007,1
-4.5531,-12.5854,15.4417,-1.4983,1
-2.5084,-0.22763,1.488,1.2069,1
-2.1652,3.0211,-2.4132,-2.4241,1
-0.62043,0.5587,-0.38587,-0.66423,1
-1.8387,-6.301,5.6506,0.19567,1
-1.9116,-6.1603,5.606,0.48533,1
-0.87834,3.257,-3.6778,-3.2944,1
-6.651,6.7934,0.68604,-7.5887,1
-2.5463,3.1101,-0.83228,-3.0358,1
-1.4377,-1.432,2.1144,0.42067,1
-2.4554,-9.0407,8.862,-0.86983,1
-2.1241,-6.8969,5.5992,-0.47156,1
-0.071503,3.7412,-4.5415,-4.2526,1
-4.2333,4.9166,-0.49212,-5.3207,1
-2.3675,-0.43663,1.692,-0.43018,1
-0.89809,-4.4862,2.2009,0.50731,1
-5.3012,7.3915,0.029699,-7.3987,1
0.2952,4.8856,-5.149,-6.2323,1
-6.4247,9.5311,0.022844,-6.8517,1
-3.9933,2.6218,0.62863,-1.1595,1
0.11032,1.9741,-3.3668,-0.65259,1
0.52374,3.644,-4.0746,-1.9909,1
-4.9447,3.3005,1.063,-1.444,1
-1.0802,2.1996,-2.5862,-1.2759,1
-2.3277,1.4381,-0.82114,-1.2862,1
-2.5724,-0.95602,2.7073,-0.16639,1
-3.9297,-6.0816,10.0958,-1.0147,1
-5.2943,-5.1463,10.3332,-1.1181,1
-1.2244,1.7485,-1.4801,-1.4181,1
-1.5078,-7.3191,7.8981,1.2289,1
-2.9498,-8.273,10.2646,1.1629,1
-1.6029,-0.38903,1.62,1.9103,1
-1.2667,2.8183,-2.426,-1.8862,1
-0.49281,3.0605,-1.8356,-2.834,1
-0.72068,-6.7583,5.8408,0.62369,1
-0.97325,-6.4168,5.6026,1.0323,1
-0.025314,-0.17383,-0.11339,1.2198,1
-1.2943,2.6735,-0.84085,-2.0323,1
-1.3968,-9.6698,9.4652,-0.34872,1
0.90407,3.3708,-4.4987,-3.6965,1
-2.8619,4.5193,-0.58123,-4.2629,1
-2.0545,-10.8679,9.4926,-1.4116,1
0.2346,-4.5152,2.1195,1.4448,1
-2.2625,-0.099335,2.8127,0.48662,1
-0.95923,-6.7128,4.9857,0.32886,1
1.3451,0.23589,-1.8785,1.3258,1
-5.3857,9.1214,-0.41929,-5.9181,1
-1.5851,-2.1562,1.7082,0.9017,1
-0.21888,-2.2038,-0.0954,0.56421,1
1.4896,3.4288,-4.0309,-1.4259,1
-2.5899,-0.3911,0.93452,0.42972,1
-1.1667,-1.4237,2.9241,0.66119,1
-4.5046,-5.8126,10.8867,-0.52846,1
-1.3887,-4.8773,6.4774,0.34179,1
-2.5419,-0.65804,2.6842,1.1952,1
3.866,-2.6383,1.9242,0.10645,0
0.32924,-4.4552,4.5718,-0.9888,0
2.0922,-6.81,8.4636,-0.60216,0
3.2032,5.7588,-0.75345,-0.61251,0
1.5356,9.1772,-2.2718,-0.73535,0
1.2247,8.7779,-2.2135,-0.80647,0
3.9899,-2.7066,2.3946,0.86291,0
1.8993,7.6625,0.15394,-3.1108,0
-1.5768,10.843,2.5462,-2.9362,0
3.404,8.7261,-2.9915,-0.57242,0
4.6765,-3.3895,3.4896,1.4771,0
0.80355,2.8473,4.3439,0.6017,0
5.7867,7.8902,-2.6196,-0.48708,0
3.9362,10.1622,-3.8235,-4.0172,0
4.4338,9.887,-4.6795,-3.7483,0
1.1432,-3.7413,5.5777,-0.63578,0
-0.38214,8.3909,2.1624,-3.7405,0
4.8906,-3.3584,3.4202,1.0905,0
-0.24811,-0.17797,4.9068,0.15429,0
1.4884,3.6274,3.308,0.48921,0
-0.96511,9.4111,1.7305,-4.8629,0
4.5679,3.1929,-2.1055,0.29653,0
0.96441,5.8395,2.3235,0.066365,0
2.0843,6.6258,0.48382,-2.2134,0
1.6349,3.286,2.8753,0.087054,0
2.549,6.1499,-1.1605,-1.2371,0
2.5635,6.7769,-0.61979,0.38576,0
0.49665,5.527,1.7785,-0.47156,0
1.0009,7.7846,-0.28219,-2.6608,0
3.9529,-2.3548,2.3792,0.48274,0
4.1373,0.49248,1.093,1.8276,0
4.7181,10.0153,-3.9486,-3.8582,0
4.1654,-3.4495,3.643,1.0879,0
1.1317,3.9647,3.3979,0.84351,0
2.8033,9.0862,-3.3668,-1.0224,0
4.4682,2.2907,0.95766,0.83058,0
1.8664,7.7763,-0.23849,-2.9634,0
0.87603,6.8141,0.84198,-0.17156,0
3.8027,0.81529,2.1041,1.0245,0
2.4486,-6.3175,7.9632,0.20602,0
-0.64472,-4.6062,8.347,-2.7099,0
2.9543,1.076,0.64577,0.89394,0
3.82,10.9279,-4.0112,-5.0284,0
5.1129,-0.49871,0.62863,1.1189,0
3.3397,-4.6145,3.9823,-0.23751,0
-1.8584,7.886,-1.6643,-1.8384,0
3.9922,-4.4676,3.7304,-0.1095,0
4.2188,6.8162,-1.2804,0.76076,0
1.7819,6.9176,-1.2744,-1.5759,0
4.0713,10.4023,-4.1722,-4.7582,0
-1.4572,9.1214,1.7425,-5.1241,0
-1.5075,1.9224,7.1466,0.89136,0
2.0139,6.1416,0.37929,0.56938,0
5.438,9.4669,-4.9417,-3.9202,0
5.032,8.2026,-2.6256,-1.0341,0
5.2418,10.5388,-4.1174,-4.2797,0
1.7317,-0.34765,4.1905,-0.99138,0
3.9232,-3.2467,3.4579,0.83705,0
0.5195,-3.2633,3.0895,-0.9849,0
1.7496,-0.1759,5.1827,1.2922,0
3.6277,0.9829,0.68861,0.63403,0
2.7391,7.4018,0.071684,-2.5302,0
5.0691,0.21313,0.20278,1.2095,0
3.9479,-3.7723,2.883,0.019813,0
1.3566,4.2358,2.1341,0.3211,0
5.0452,3.8964,-1.4304,0.86291,0
0.17346,7.8695,0.26876,-3.7883,0
1.1166,8.6496,-0.96252,-1.8112,0
1.0235,6.901,-2.0062,-2.7125,0
0.11739,6.2761,-1.5495,-2.4746,0
0.5706,-0.0248,1.2421,-0.5621,0
-1.6952,1.0657,8.8294,0.94955,0
3.6582,5.6864,-1.7157,-0.23751,0
1.6426,3.0149,0.22849,-0.147,0
-1.2537,10.8803,1.931,-4.3237,0
3.2585,-4.4614,3.8024,-0.15087,0
1.8314,6.3672,-0.036278,0.049554,0
3.9663,10.1684,-4.1131,-4.6056,0
1.4578,-0.08485,4.1785,0.59136,0
-1.8584,7.886,-1.6643,-1.8384,0
5.8862,5.8747,-2.8167,-0.30087,0
-2.0897,10.8265,2.3603,-3.4198,0
4.1757,10.2615,-3.8552,-4.3056,0
4.2899,9.1814,-4.6067,-4.3263,0
3.5156,10.1891,-4.2759,-4.978,0
1.3234,3.2964,0.2362,-0.11984,0
1.3264,1.0326,5.6566,-0.41337,0
-0.16735,7.6274,1.2061,-3.6241,0
-1.3,10.2678,-2.953,-5.8638,0
-2.2261,12.5398,2.9438,-3.5258,0
4.6464,10.5326,-4.5852,-4.206,0
0.5706,-0.0248,1.2421,-0.5621,0
-1.3389,1.552,7.0806,1.031,0
2.2596,-0.033118,4.7355,-0.2776,0
3.8905,-2.1521,2.6302,1.1047,0
3.9994,0.90427,1.1693,1.6892,0
4.2134,-2.806,2.0116,0.67412,0
1.6472,0.48213,4.7449,1.225,0
4.5691,-4.4552,3.1769,0.0042961,0
0.57461,10.1105,-1.6917,-4.3922,0
0.5734,9.1938,-0.9094,-1.872,0
4.0102,10.6568,-4.1388,-5.0646,0
2.2034,5.9947,0.53009,0.84998,0
3.0329,2.2948,2.1135,0.35084,0
4.988,7.2052,-3.2846,-1.1608,0
2.483,6.6155,-0.79287,-0.90863,0
1.594,4.7055,1.3758,0.081882,0
4.052,-0.16555,0.45383,0.51248,0
1.3638,-4.7759,8.4182,-1.8836,0
4.068,-2.9363,2.1992,0.50084,0
2.877,-4.0599,3.6259,-0.32544,0
-1.3,10.2678,-2.953,-5.8638,0
1.7747,-6.4334,8.15,-0.89828,0
1.3419,-4.4221,8.09,-1.7349,0
0.89606,10.5471,-1.4175,-4.0327,0
3.2422,6.2265,0.12224,-1.4466,0
1.934,-9.28e-06,4.816,-0.33967,0
2.2928,9.0386,-3.2417,-1.2991,0
0.3292,-4.4552,4.5718,-0.9888,0
2.9719,6.8369,-0.2702,0.71291,0
1.6849,8.7489,-1.2641,-1.3858,0
2.3729,10.4726,-3.0087,-3.2013,0
1.0284,9.767,-1.3687,-1.7853,0
0.27451,9.2186,-3.2863,-4.8448,0
1.6032,-4.7863,8.5193,-2.1203,0
4.616,10.1788,-4.2185,-4.4245,0
4.0215,-2.7004,2.4957,0.36636,0
1.1811,8.3847,-2.0567,-0.90345,0
0.5195,-3.2633,3.0895,-0.9849,0
3.7352,9.5911,-3.9032,-3.3487,0
-1.7344,2.0175,7.7618,0.93532,0
-0.16108,-6.4624,8.3573,-1.5216,0
2.0421,1.2436,4.2171,0.90429,0
3.0009,5.8126,-2.2306,-0.66553,0
3.966,3.9213,0.70574,0.33662,0
4.9923,7.8653,-2.3515,-0.71984,0
4.0329,0.23175,0.89082,1.1823,0
3.1088,3.1122,0.80857,0.4336,0
-4.2859,8.5234,3.1392,-0.91639,0
0.5195,-3.2633,3.0895,-0.9849,0
0.88872,5.3449,2.045,-0.19355,0
3.5458,9.3718,-4.0351,-3.9564,0
-0.21661,8.0329,1.8848,-3.8853,0
3.2051,8.6889,-2.9033,-0.7819,0
2.6917,10.8161,-3.3,-4.2888,0
3.3848,3.2674,0.90967,0.25128,0
2.805,0.57732,1.3424,1.2133,0
3.4985,3.1639,0.22677,-0.1651,0
0.74307,11.17,-1.3824,-4.0728,0
3.2303,7.8384,-3.5348,-1.2151,0
2.8523,9.0096,-3.761,-3.3371,0
4.2772,2.4955,0.48554,0.36119,0
1.5099,0.039307,6.2332,-0.30346,0
0.86202,2.6963,4.2908,0.54739,0
3.8117,10.1457,-4.0463,-4.5629,0
0.54777,10.3754,-1.5435,-4.1633,0
3.7982,10.423,-4.1602,-4.9728,0
2.1265,6.8783,0.44784,-2.2224,0
2.6799,3.1349,0.34073,0.58489,0
-0.39816,5.9781,1.3912,-1.1621,0
1.9647,6.9383,0.57722,0.66377,0
3.0864,-2.5845,2.2309,0.30947,0
0.3798,0.7098,0.7572,-0.4444,0
0.14783,7.946,1.0742,-3.3409,0
4.223,1.1319,0.72202,0.96118,0
0.64295,7.1018,0.3493,-0.41337,0
1.941,0.46351,4.6472,1.0879,0
3.7767,9.7794,-3.9075,-3.5323,0
1.9818,9.2621,-3.521,-1.872,0
3.8023,-3.8696,4.044,0.95343,0
4.3483,11.1079,-4.0857,-4.2539,0
1.1518,1.3864,5.2727,-0.43536,0
-1.2576,1.5892,7.0078,0.42455,0
-2.484,12.1611,2.8204,-3.7418,0
4.8368,10.0132,-4.3239,-4.3276,0
-1.5222,10.8409,2.7827,-4.0974,0
-1.3,10.2678,-2.953,-5.8638,0
3.4246,-0.14693,0.80342,0.29136,0
2.5503,-4.9518,6.3729,-0.41596,0
2.229,9.6325,-3.1123,-2.7164,0
1.2138,8.7986,-2.1672,-0.74182,0
0.5415,6.0319,1.6825,-0.46122,0
3.6702,2.9942,0.85141,0.30688,0
1.3349,6.1189,0.46497,0.49826,0
3.1887,-3.4143,2.7742,-0.2026,0
3.9121,2.9735,0.92852,0.60558,0
3.9414,-3.2902,3.1674,1.0866,0
3.6922,-3.9585,4.3439,1.3517,0
0.77124,9.0862,-1.2281,-1.4996,0
3.5761,9.7753,-3.9795,-3.4638,0
1.602,6.1251,0.52924,0.47886,0
4.3848,-3.0729,3.0423,1.2741,0
4.9362,7.6046,-2.3429,-0.85302,0
1.1472,3.5985,1.9387,-0.43406,0
2.9742,8.96,-2.9024,-1.0379,0
4.5707,7.2094,-3.2794,-1.4944,0
0.1848,6.5079,2.0133,-0.87242,0
0.39559,6.8866,1.0588,-0.67587,0
3.8384,6.1851,-2.0439,-0.033204,0
2.8209,7.3108,-0.81857,-1.8784,0
0.3798,0.7098,0.7572,-0.4444,0
3.4893,6.69,-1.2042,-0.38751,0
-1.7781,0.8546,7.1303,0.027572,0
2.0962,2.4769,1.9379,-0.040962,0
4.7432,2.1086,0.1368,1.6543,0
3.6575,7.2797,-2.2692,-1.144,0
3.8832,6.4023,-2.432,-0.98363,0
2.8237,2.8597,0.19678,0.57196,0
1.9321,6.0423,0.26019,-2.053,0
-0.048008,-1.6037,8.4756,0.75558,0
2.0051,-6.8638,8.132,-0.2401,0
2.8297,6.3485,-0.73546,-0.58665,0
2.093,8.3061,0.022844,-3.2724,0
5.0617,-0.35799,0.44698,0.99868,0
2.6648,10.754,-3.3994,-4.1685,0
5.9374,6.1664,-2.5905,-0.36553,0
5.8782,5.9409,-2.8544,-0.60863,0
2.1319,-2.0403,2.5574,-0.061652,0
2.2091,7.4556,-1.3284,-3.3021,0
5.7227,5.8312,-2.4097,-0.24527,0
0.045304,6.7334,1.0708,-0.9332,0
1.9476,-4.7738,8.527,-1.8668,0
-0.10648,-0.76771,7.7575,0.64179,0
4.2475,1.4816,-0.48355,0.95343,0
3.9772,0.33521,2.2566,2.1625,0
1.8533,6.1458,1.0176,-2.0401,0
3.9719,1.0367,0.75973,1.0013,0
3.6894,9.887,-4.0788,-4.3664,0
3.0672,-4.4117,3.8238,-0.81682,0
1.5673,7.9274,-0.056842,-2.1694,0
2.0165,-0.25246,5.1707,1.0763,0
4.0446,11.1741,-4.3582,-4.7401,0
4.1195,10.9258,-3.8929,-4.1802,0
1.5701,7.9129,0.29018,-2.1953,0
4.3435,3.3295,0.83598,0.64955,0
1.8238,-6.7748,8.3873,-0.54139,0
5.504,10.3671,-4.413,-4.0211,0
2.8521,9.171,-3.6461,-1.2047,0
3.8962,-4.7904,3.3954,-0.53751,0
2.1752,-0.8091,5.1022,-0.67975,0
4.7072,8.2957,-2.5605,-1.4905,0
2.3678,-6.839,8.4207,-0.44829,0
0.33565,6.8369,0.69718,-0.55691,0
1.5456,8.5482,0.4187,-2.1784,0
4.6352,-3.0087,2.6773,1.212,0
0.95626,2.4728,4.4578,0.21636,0
5.2032,3.5116,-1.2538,1.0129,0
3.1836,7.2321,-1.0713,-2.5909,0
0.65497,5.1815,1.0673,-0.42113,0
5.6084,10.3009,-4.8003,-4.3534,0
1.105,7.4432,0.41099,-3.0332,0
3.9292,-2.9156,2.2129,0.30817,0
2.5581,2.6218,1.8513,0.40257,0
3.7635,2.7811,0.66119,0.34179,0
1.0652,8.3682,-1.4004,-1.6509,0
5.086,3.2798,-1.2701,1.1189,0
2.5089,6.841,-0.029423,0.44912,0
3.946,6.8514,-1.5443,-0.5582,0
-0.278,8.1881,-3.1338,-2.5276,0
3.7758,7.1783,-1.5195,0.40128,0
2.0153,0.43661,4.5864,-0.3151,0
2.5989,3.5178,0.7623,0.81119,0
1.8994,0.97462,4.2265,0.81377,0
1.8967,-2.5163,2.8093,-0.79742,0
2.1526,-6.1665,8.0831,-0.34355,0
3.8846,-3.0336,2.5334,0.20214,0
4.1665,-0.4449,0.23448,0.27843,0
5.1321,-0.031048,0.32616,1.1151,0
3.0333,-2.5928,2.3183,0.303,0
2.9233,6.0464,-0.11168,-0.58665,0
0.77765,5.9781,1.1941,-0.3526,0
-0.38388,-1.0471,8.0514,0.49567,0
4.6439,-3.3729,2.5976,0.55257,0
3.3577,-4.3062,6.0241,0.18274,0
1.04,-6.9321,8.2888,-1.2991,0
2.1881,2.7356,1.3278,-0.1832,0
-0.11996,6.8741,0.91995,-0.6694,0
1.2262,0.89599,5.7568,-0.11596,0
-0.048008,-0.56078,7.7215,0.453,0
4.3634,0.46351,1.4281,2.0202,0
3.482,-4.1634,3.5008,-0.078462,0
0.51947,-3.2633,3.0895,-0.98492,0
0.29961,7.1328,-0.31475,-1.1828,0
2.4673,1.3926,1.7125,0.41421,0
0.77805,6.6424,-1.1425,-1.0573,0
2.2429,-4.1427,5.2333,-0.40173,0
3.7321,-3.884,3.3577,-0.0060486,0
4.0715,7.6398,-2.0824,-1.1698,0
5.8519,5.3905,-2.4037,-0.061652,0
3.9771,11.1513,-3.9272,-4.3444,0
0.74054,0.36625,2.1992,0.48403,0
0.49571,10.2243,-1.097,-4.0159,0
1.645,7.8612,-0.87598,-3.5569,0
3.2403,-3.7082,5.2804,0.41291,0
5.591,10.4643,-4.3839,-4.3379,0
1.3114,4.5462,2.2935,0.22541,0
3.7022,6.9942,-1.8511,-0.12889,0
2.4012,1.6223,3.0312,0.71679,0
4.0962,10.1891,-3.9323,-4.1827,0
2.5559,3.3605,2.0321,0.26809,0
4.0932,5.4132,-1.8219,0.23576,0
1.7748,-0.76978,5.5854,1.3039,0
5.2012,0.32694,0.17965,1.1797,0
-0.45062,-1.3678,7.0858,-0.40303,0
4.8451,8.1116,-2.9512,-1.4724,0
5.1213,8.5565,-3.3917,-1.5474,0
0.040498,8.5234,1.4461,-3.9306,0
0.37984,0.70975,0.75716,-0.44441,0
-0.95923,0.091039,6.2204,-1.4828,0
4.1542,7.2756,-2.4766,-1.2099,0
0.66191,9.6594,-0.28819,-1.6638,0
4.7926,1.7071,-0.051701,1.4926,0
4.9852,8.3516,-2.5425,-1.2823,0
0.85574,0.0082678,6.6042,-0.53104,0
0.88298,0.66009,6.0096,-0.43277,0
4.0422,-4.391,4.7466,1.137,0
2.2546,8.0992,-0.24877,-3.2698,0
0.38478,6.5989,-0.3336,-0.56466,0
4.7114,2.0755,-0.2702,1.2379,0
4.0127,10.1477,-3.9366,-4.0728,0
3.931,1.8541,-0.023425,1.2314,0
0.01727,8.693,1.3989,-3.9668,0
3.2414,0.40971,1.4015,1.1952,0
2.2504,3.5757,0.35273,0.2836,0
0.0040545,0.62905,-0.64121,0.75817,0
-1.7589,-6.4624,8.4773,0.31981,0
-2.0962,-7.1059,6.6188,-0.33708,0
-0.8734,1.6533,-2.1964,-0.78061,0
0.55939,-0.3104,0.18307,0.44653,0
-3.3458,-0.50491,2.6328,0.53705,0
-1.7279,-6.841,8.9494,0.68058,0
-2.121,-0.05588,1.949,1.353,0
-1.7015,-0.010356,-0.99337,-0.53104,0
-2.4725,-0.40145,1.4855,1.1189,0
-3.3604,-0.32696,2.1324,0.6017,0
-3.506,-12.5667,15.1606,-0.75216,0
-2.5665,-6.8824,7.5416,0.70774,0
-1.682,-6.8121,7.1398,1.3323,0
-2.286,-5.4484,5.8039,0.88231,0
-3.3125,0.10139,0.55323,-0.2957,0
-2.3797,-1.4402,1.1273,0.16076,0
-0.17296,-1.1816,1.3818,0.7336,0
2.1943,4.5503,-4.976,-2.7254,0
-1.9555,0.20692,1.2473,-0.3707,0
1.6408,4.2503,-4.9023,-2.6621,0
-1.005,0.084831,-0.2462,0.45688,0
0.33325,3.3108,-4.5081,-4.012,0
-2.4621,2.7645,-0.62578,-2.8573,0
-2.0662,0.16967,-1.0054,-0.82975,0
-0.82601,2.9611,-1.2864,-1.4647,0
1.5631,0.89599,-1.9702,0.65472,0
